id,firstName,middleName,lastName,gender,email,dob,doj,salary,phoneno,country,username,password
677509,Lois,H,Walker,F,lois.walker@hotmail.com,29-03-1981,24-11-2003,168251,303-572-8492,Denver,lhwalker,DCa}.T}X:v?NP
940761,Brenda,S,Robinson,F,brenda.robinson@gmail.com,31-07-1970,27-07-2008,51063,225-945-4954,De Soto,bsrobinson,TCo\j#Zg;SQ~o
193819,Benjamin,R,Russell,M,benjamin.russell@charter.net,17-04-1977,25-07-2013,117642,262-404-2252,Waupaca,brrussell,Rd<Y8cp!@R;*%F
499687,Patrick,F,Bailey,M,patrick.bailey@aol.com,27-09-1982,22-07-2005,72305,319-812-6957,Madison,pfbailey,K7&5aY-*
539712,Nancy,T,Baker,F,nancy.baker@bp.com,13-06-1995,14-09-2016,98189,229-336-5117,Fulton,ntbaker,xJdKlAcYQhT_BE#
380086,Carol,V,Murphy,F,carol.murphy@gmail.com,30-06-1958,28-01-1983,60918,216-336-0009,Clinton,cvmurphy,Uc+VG%vuZU<k
162402,Diana,T,Peterson,F,diana.peterson@hotmail.co.uk,13-11-1987,17-02-2014,43010,479-783-5656,Carroll,dtpeterson,3o8>v&tYxjyEAo
386158,Melissa,Q,King,F,melissa.king@comcast.net,24-02-1972,24-11-2015,166892,216-605-3731,Washington,mqking,FE5i<e-Y}[4f78
301576,Wayne,G,Watson,M,wayne.watson@gmail.com,26-06-1996,19-07-2017,92758,701-231-9370,Cavalier,wgwatson,wM4J{]&j\-eGc
441771,Cheryl,O,Scott,F,cheryl.scott@gmail.com,23-02-1958,26-11-1990,92220,215-288-9345,Somerset,coscott,Vbb+~2N|_yR
528509,Paula,G,Diaz,F,paula.diaz@gmail.com,22-08-1966,22-08-1994,152654,252-531-7641,Duplin,pgdiaz,3Kg55luU
890290,Julia,S,Scott,F,julia.scott@apple.com,15-07-1959,23-02-2005,141518,423-939-1010,Hickman,jsscott,r.:Q7c^Tpb
979607,Carol,J,Edwards,F,carol.edwards@msn.com,14-12-1994,25-04-2016,93967,225-283-4295,Caddo,cjedwards,wi>v-a9gt
426038,Joan,C,Stewart,F,joan.stewart@yahoo.com,20-11-1972,30-12-2009,111673,216-637-6800,Meigs,jcstewart,q@mq.U~D#1MPgZ
477253,Anne,L,Russell,F,anne.russell@ibm.com,29-07-1989,24-11-2013,103160,605-635-1306,Grant,alrussell,c8Nk&Y^~Vz!2
621833,Gregory,X,Edwards,M,gregory.edwards@outlook.com,31-08-1993,30-09-2015,169245,503-256-9654,Klamath,gxedwards,V^sVy*MO{
278556,Richard,Y,Mitchell,M,richard.mitchell@verizon.net,28-07-1993,18-08-2016,122226,205-621-5884,Calhoun,rymitchell,RWeXJPOi:KpX<Rn
134841,Donna,R,Brown,F,donna.brown@aol.com,14-09-1983,17-07-2013,129836,212-434-7910,Livingston,drbrown,u?%QOo2ykK
766610,Joyce,E,Jenkins,F,joyce.jenkins@aol.com,22-08-1961,14-05-2010,119321,262-455-4187,Pierce,jejenkins,C5-iW3Ry#o{~elV
923947,Mary,G,Bryant,F,mary.bryant@verizon.net,21-06-1962,20-05-2004,155442,319-827-3516,Iowa,mgbryant,A[iR?Z1{
227922,Amanda,M,Hughes,F,amanda.hughes@rediffmail.com,29-07-1982,19-04-2007,114257,225-544-9700,Calcasieu,amhughes,B2N>J{_k7]F
407061,Elizabeth,Q,Jackson,F,elizabeth.jackson@aol.com,15-08-1964,19-01-2005,85420,603-568-6118,Strafford,eqjackson,EAHcnWsf6xMRwr]
226714,Nancy,L,Davis,F,nancy.davis@ibm.com,14-11-1983,25-08-2012,94986,219-610-3067,Clay,nldavis,bv-KfTutT?0*pm
524896,Judy,Y,Hernandez,F,judy.hernandez@gmail.com,25-03-1961,27-12-2011,133332,316-736-6126,Shawnee,jyhernandez,kiB:v!j&?D!&NYY
958326,Larry,T,Miller,M,larry.miller@shell.com,31-10-1988,22-02-2017,97904,217-574-9283,St. Clair,ltmiller,2WgF#:ew**x#
447813,Ann,Q,Coleman,F,ann.coleman@ibm.com,15-11-1989,19-11-2013,130014,319-994-4179,Pottawattamie,aqcoleman,g2]GlvlL5
971640,Clarence,A,Ross,M,clarence.ross@apple.com,13-12-1960,31-12-2008,165272,423-772-0118,Scott,caross,h&jmac@+QD?B
904898,Ann,Q,Cooper,F,ann.cooper@exxonmobil.com,25-12-1992,15-02-2017,182521,406-278-6460,Lake,aqcooper,i_^#>]tFpt
